year,state,state_po,first_place_party,first_place_vote_share,second_place_party,second_place_vote_share
1976,ALABAMA,AL,DEMOCRAT,0.5573,REPUBLICAN,0.4261
1976,ALASKA,AK,REPUBLICAN,0.579,DEMOCRAT,0.3565
1976,ARIZONA,AZ,REPUBLICAN,0.5637,DEMOCRAT,0.398
1976,ARKANSAS,AR,DEMOCRAT,0.6496,REPUBLICAN,0.349
1976,CALIFORNIA,CA,REPUBLICAN,0.4975,DEMOCRAT,0.4795
1976,COLORADO,CO,REPUBLICAN,0.5403,DEMOCRAT,0.4261
1976,CONNECTICUT,CT,REPUBLICAN,0.5188,DEMOCRAT,0.4673
1976,DELAWARE,DE,DEMOCRAT,0.5197,REPUBLICAN,0.4659
1976,DISTRICT OF COLUMBIA,DC,DEMOCRAT,0.8163,REPUBLICAN,0.1651
1976,FLORIDA,FL,DEMOCRAT,0.5193,REPUBLICAN,0.4664
1976,GEORGIA,GA,DEMOCRAT,0.6694,REPUBLICAN,0.3306
1976,HAWAII,HI,DEMOCRAT,0.5059,REPUBLICAN,0.4806
1976,IDAHO,ID,REPUBLICAN,0.5988,DEMOCRAT,0.3712
1976,ILLINOIS,IL,REPUBLICAN,0.5008,DEMOCRAT,0.4811
1976,INDIANA,IN,REPUBLICAN,0.5332,DEMOCRAT,0.457
1976,IOWA,IA,REPUBLICAN,0.4947,DEMOCRAT,0.4846
1976,KANSAS,KS,REPUBLICAN,0.5249,DEMOCRAT,0.4494
1976,KENTUCKY,KY,DEMOCRAT,0.5275,REPUBLICAN,0.4557
1976,LOUISIANA,LA,DEMOCRAT,0.5177,REPUBLICAN,0.4599
1976,MAINE,ME,REPUBLICAN,0.4893,DEMOCRAT,0.4809
1976,MARYLAND,MD,DEMOCRAT,0.5304,REPUBLICAN,0.4696
1976,MASSACHUSETTS,MA,DEMOCRAT,0.5611,REPUBLICAN,0.4044
1976,MICHIGAN,MI,REPUBLICAN,0.5186,DEMOCRAT,0.4647
1976,MINNESOTA,MN,DEMOCRAT,0.549,REPUBLICAN,0.4202
1976,MISSISSIPPI,MS,DEMOCRAT,0.4963,REPUBLICAN,0.4774
1976,MISSOURI,MO,DEMOCRAT,0.511,REPUBLICAN,0.4747
1976,MONTANA,MT,REPUBLICAN,0.5284,DEMOCRAT,0.454
1976,NEBRASKA,NE,REPUBLICAN,0.592,DEMOCRAT,0.3845
1976,NEVADA,NV,REPUBLICAN,0.5017,DEMOCRAT,0.4581
1976,NEW HAMPSHIRE,NH,REPUBLICAN,0.5475,DEMOCRAT,0.4347
1976,NEW JERSEY,NJ,REPUBLICAN,0.5008,DEMOCRAT,0.4792
1976,NEW MEXICO,NM,REPUBLICAN,0.5075,DEMOCRAT,0.4828
1976,NEW YORK,NY,DEMOCRAT,0.5083,REPUBLICAN,0.465
1976,NORTH CAROLINA,NC,DEMOCRAT,0.5527,REPUBLICAN,0.4422
1976,NORTH DAKOTA,ND,REPUBLICAN,0.5169,DEMOCRAT,0.4577
1976,OHIO,OH,DEMOCRAT,0.489,REPUBLICAN,0.4867
1976,OKLAHOMA,OK,REPUBLICAN,0.4996,DEMOCRAT,0.4875
1976,OREGON,OR,REPUBLICAN,0.4778,DEMOCRAT,0.4762
1976,PENNSYLVANIA,PA,DEMOCRAT,0.504,REPUBLICAN,0.4773
1976,RHODE ISLAND,RI,DEMOCRAT,0.5544,REPUBLICAN,0.4414
1976,SOUTH CAROLINA,SC,DEMOCRAT,0.5617,REPUBLICAN,0.4313
1976,SOUTH DAKOTA,SD,REPUBLICAN,0.5039,DEMOCRAT,0.4891
1976,TENNESSEE,TN,DEMOCRAT,0.5594,REPUBLICAN,0.4294
1976,TEXAS,TX,DEMOCRAT,0.5114,REPUBLICAN,0.4797
1976,UTAH,UT,REPUBLICAN,0.6243,DEMOCRAT,0.3365
1976,VERMONT,VT,REPUBLICAN,0.5459,DEMOCRAT,0.423
1976,VIRGINIA,VA,REPUBLICAN,0.4929,DEMOCRAT,0.4796
1976,WASHINGTON,WA,REPUBLICAN,0.5,DEMOCRAT,0.4611
1976,WEST VIRGINIA,WV,DEMOCRAT,0.5807,REPUBLICAN,0.4193
1976,WISCONSIN,WI,DEMOCRAT,0.495,REPUBLICAN,0.4783
1976,WYOMING,WY,REPUBLICAN,0.593,DEMOCRAT,0.3981
1980,ALABAMA,AL,REPUBLICAN,0.4875,DEMOCRAT,0.4745
1980,ALASKA,AK,REPUBLICAN,0.5435,DEMOCRAT,0.2641
1980,ARIZONA,AZ,REPUBLICAN,0.6061,DEMOCRAT,0.2824
1980,ARKANSAS,AR,REPUBLICAN,0.4813,DEMOCRAT,0.4752
1980,CALIFORNIA,CA,REPUBLICAN,0.527,DEMOCRAT,0.3592
1980,COLORADO,CO,REPUBLICAN,0.5507,DEMOCRAT,0.3107
1980,CONNECTICUT,CT,REPUBLICAN,0.4816,DEMOCRAT,0.3852
1980,DELAWARE,DE,REPUBLICAN,0.4721,DEMOCRAT,0.4487
1980,DISTRICT OF COLUMBIA,DC,DEMOCRAT,0.7489,REPUBLICAN,0.1341
1980,FLORIDA,FL,REPUBLICAN,0.5552,DEMOCRAT,0.385
1980,GEORGIA,GA,DEMOCRAT,0.558,REPUBLICAN,0.4097
1980,HAWAII,HI,DEMOCRAT,0.448,REPUBLICAN,0.429
1980,IDAHO,ID,REPUBLICAN,0.6646,DEMOCRAT,0.2519
1980,ILLINOIS,IL,REPUBLICAN,0.4965,DEMOCRAT,0.4172
1980,INDIANA,IN,REPUBLICAN,0.5601,DEMOCRAT,0.3765
1980,IOWA,IA,REPUBLICAN,0.5131,DEMOCRAT,0.386
1980,KANSAS,KS,REPUBLICAN,0.5785,DEMOCRAT,0.3329
1980,KENTUCKY,KY,REPUBLICAN,0.4903,DEMOCRAT,0.4765
1980,LOUISIANA,LA,REPUBLICAN,0.512,DEMOCRAT,0.4575
1980,MAINE,ME,REPUBLICAN,0.4561,DEMOCRAT,0.4225
1980,MARYLAND,MD,DEMOCRAT,0.4714,REPUBLICAN,0.4418
1980,MASSACHUSETTS,MA,REPUBLICAN,0.419,DEMOCRAT,0.4175
1980,MICHIGAN,MI,REPUBLICAN,0.4899,DEMOCRAT,0.425
1980,MINNESOTA,MN,DEMOCRAT,0.465,REPUBLICAN,0.4256
1980,MISSISSIPPI,MS,REPUBLICAN,0.4946,DEMOCRAT,0.4814
1980,MISSOURI,MO,REPUBLICAN,0.5116,DEMOCRAT,0.4435
1980,MONTANA,MT,REPUBLICAN,0.5682,DEMOCRAT,0.3243
1980,NEBRASKA,NE,REPUBLICAN,0.6555,DEMOCRAT,0.2602
1980,NEVADA,NV,REPUBLICAN,0.6361,DEMOCRAT,0.2736
1980,NEW HAMPSHIRE,NH,REPUBLICAN,0.5774,DEMOCRAT,0.2835
1980,NEW JERSEY,NJ,REPUBLICAN,0.5197,DEMOCRAT,0.3856
1980,NEW MEXICO,NM,REPUBLICAN,0.5497,DEMOCRAT,0.3678
1980,NEW YORK,NY,REPUBLICAN,0.4666,DEMOCRAT,0.4399
1980,NORTH CAROLINA,NC,REPUBLICAN,0.493,DEMOCRAT,0.4718
1980,NORTH DAKOTA,ND,REPUBLICAN,0.6433,DEMOCRAT,0.263
1980,OHIO,OH,REPUBLICAN,0.5151,DEMOCRAT,0.4091
1980,OKLAHOMA,OK,REPUBLICAN,0.605,DEMOCRAT,0.3497
1980,OREGON,OR,REPUBLICAN,0.4833,DEMOCRAT,0.3867
1980,PENNSYLVANIA,PA,REPUBLICAN,0.4959,DEMOCRAT,0.4248
1980,RHODE ISLAND,RI,DEMOCRAT,0.4768,REPUBLICAN,0.3721
1980,SOUTH CAROLINA,SC,REPUBLICAN,0.4945,DEMOCRAT,0.4821
1980,SOUTH DAKOTA,SD,REPUBLICAN,0.6053,DEMOCRAT,0.3169
1980,TENNESSEE,TN,REPUBLICAN,0.487,DEMOCRAT,0.4841
1980,TEXAS,TX,REPUBLICAN,0.5528,DEMOCRAT,0.4142
1980,UTAH,UT,REPUBLICAN,0.7278,DEMOCRAT,0.2057
1980,VERMONT,VT,REPUBLICAN,0.4436,DEMOCRAT,0.3842
1980,VIRGINIA,VA,REPUBLICAN,0.5303,DEMOCRAT,0.4031
1980,WASHINGTON,WA,REPUBLICAN,0.4966,DEMOCRAT,0.3732
1980,WEST VIRGINIA,WV,DEMOCRAT,0.4981,REPUBLICAN,0.453
1980,WISCONSIN,WI,REPUBLICAN,0.479,DEMOCRAT,0.4318
1980,WYOMING,WY,REPUBLICAN,0.6264,DEMOCRAT,0.2797
1984,ALABAMA,AL,REPUBLICAN,0.6054,DEMOCRAT,0.3828
1984,ALASKA,AK,REPUBLICAN,0.6665,DEMOCRAT,0.2987
1984,ARIZONA,AZ,REPUBLICAN,0.6642,DEMOCRAT,0.3254
1984,ARKANSAS,AR,REPUBLICAN,0.6047,DEMOCRAT,0.3829
1984,CALIFORNIA,CA,REPUBLICAN,0.5752,DEMOCRAT,0.4127
1984,COLORADO,CO,REPUBLICAN,0.6344,DEMOCRAT,0.3512
1984,CONNECTICUT,CT,REPUBLICAN,0.6073,DEMOCRAT,0.3883
1984,DELAWARE,DE,REPUBLICAN,0.5978,DEMOCRAT,0.3993
1984,DISTRICT OF COLUMBIA,DC,DEMOCRAT,0.8538,REPUBLICAN,0.1373
1984,FLORIDA,FL,REPUBLICAN,0.6532,DEMOCRAT,0.3466
1984,GEORGIA,GA,REPUBLICAN,0.6017,DEMOCRAT,0.3979
1984,HAWAII,HI,REPUBLICAN,0.551,DEMOCRAT,0.4382
1984,IDAHO,ID,REPUBLICAN,0.7236,DEMOCRAT,0.2639
1984,ILLINOIS,IL,REPUBLICAN,0.5617,DEMOCRAT,0.433
1984,INDIANA,IN,REPUBLICAN,0.6167,DEMOCRAT,0.3768
1984,IOWA,IA,REPUBLICAN,0.5327,DEMOCRAT,0.4589
1984,KANSAS,KS,REPUBLICAN,0.6627,DEMOCRAT,0.326
1984,KENTUCKY,KY,REPUBLICAN,0.6001,DEMOCRAT,0.394
1984,LOUISIANA,LA,REPUBLICAN,0.6077,DEMOCRAT,0.3818
1984,MAINE,ME,REPUBLICAN,0.6083,DEMOCRAT,0.3878
1984,MARYLAND,MD,REPUBLICAN,0.5251,DEMOCRAT,0.4702
1984,MASSACHUSETTS,MA,REPUBLICAN,0.5122,DEMOCRAT,0.4843
1984,MICHIGAN,MI,REPUBLICAN,0.5923,DEMOCRAT,0.4024
1984,MINNESOTA,MN,DEMOCRAT,0.4972,REPUBLICAN,0.4954
1984,MISSISSIPPI,MS,REPUBLICAN,0.6188,DEMOCRAT,0.3742
1984,MISSOURI,MO,REPUBLICAN,0.6002,DEMOCRAT,0.3998
1984,MONTANA,MT,REPUBLICAN,0.6047,DEMOCRAT,0.3818
1984,NEBRASKA,NE,REPUBLICAN,0.7055,DEMOCRAT,0.2881
1984,NEVADA,NV,REPUBLICAN,0.6677,DEMOCRAT,0.3242
1984,NEW HAMPSHIRE,NH,REPUBLICAN,0.6867,DEMOCRAT,0.3095
1984,NEW JERSEY,NJ,REPUBLICAN,0.6009,DEMOCRAT,0.392
1984,NEW MEXICO,NM,REPUBLICAN,0.597,DEMOCRAT,0.3923
1984,NEW YORK,NY,REPUBLICAN,0.5384,DEMOCRAT,0.4583
1984,NORTH CAROLINA,NC,REPUBLICAN,0.619,DEMOCRAT,0.3789
1984,NORTH DAKOTA,ND,REPUBLICAN,0.6484,DEMOCRAT,0.338
1984,OHIO,OH,REPUBLICAN,0.587,DEMOCRAT,0.4
1984,OKLAHOMA,OK,REPUBLICAN,0.6861,DEMOCRAT,0.3067
1984,OREGON,OR,REPUBLICAN,0.5591,DEMOCRAT,0.4374
1984,PENNSYLVANIA,PA,REPUBLICAN,0.5334,DEMOCRAT,0.4599
1984,RHODE ISLAND,RI,REPUBLICAN,0.5167,DEMOCRAT,0.4802
1984,SOUTH CAROLINA,SC,REPUBLICAN,0.6355,DEMOCRAT,0.3557
1984,SOUTH DAKOTA,SD,REPUBLICAN,0.63,DEMOCRAT,0.3653
1984,TENNESSEE,TN,REPUBLICAN,0.5784,DEMOCRAT,0.4157
1984,TEXAS,TX,REPUBLICAN,0.6361,DEMOCRAT,0.3611
1984,UTAH,UT,REPUBLICAN,0.745,DEMOCRAT,0.2468
1984,VERMONT,VT,REPUBLICAN,0.5792,DEMOCRAT,0.4081
1984,VIRGINIA,VA,REPUBLICAN,0.6229,DEMOCRAT,0.3709
1984,WASHINGTON,WA,REPUBLICAN,0.5609,DEMOCRAT,0.4258
1984,WEST VIRGINIA,WV,REPUBLICAN,0.5511,DEMOCRAT,0.446
1984,WISCONSIN,WI,REPUBLICAN,0.5419,DEMOCRAT,0.4502
1984,WYOMING,WY,REPUBLICAN,0.7051,DEMOCRAT,0.2824
1988,ALABAMA,AL,REPUBLICAN,0.5917,DEMOCRAT,0.3986
1988,ALASKA,AK,REPUBLICAN,0.5959,DEMOCRAT,0.3627
1988,ARIZONA,AZ,REPUBLICAN,0.5995,DEMOCRAT,0.3874
1988,ARKANSAS,AR,REPUBLICAN,0.5637,DEMOCRAT,0.4219
1988,CALIFORNIA,CA,REPUBLICAN,0.5113,DEMOCRAT,0.4756
1988,COLORADO,CO,REPUBLICAN,0.5306,DEMOCRAT,0.4528
1988,CONNECTICUT,CT,REPUBLICAN,0.5198,DEMOCRAT,0.4687
1988,DELAWARE,DE,REPUBLICAN,0.5588,DEMOCRAT,0.4348
1988,DISTRICT OF COLUMBIA,DC,DEMOCRAT,0.8265,REPUBLICAN,0.143
1988,FLORIDA,FL,REPUBLICAN,0.6087,DEMOCRAT,0.3851
1988,GEORGIA,GA,REPUBLICAN,0.5975,DEMOCRAT,0.395
1988,HAWAII,HI,DEMOCRAT,0.5427,REPUBLICAN,0.4475
1988,IDAHO,ID,REPUBLICAN,0.6208,DEMOCRAT,0.3601
1988,ILLINOIS,IL,REPUBLICAN,0.5069,DEMOCRAT,0.486
1988,INDIANA,IN,REPUBLICAN,0.5984,DEMOCRAT,0.3969
1988,IOWA,IA,DEMOCRAT,0.5471,REPUBLICAN,0.445
1988,KANSAS,KS,REPUBLICAN,0.5579,DEMOCRAT,0.4256
1988,KENTUCKY,KY,REPUBLICAN,0.5552,DEMOCRAT,0.4388
1988,LOUISIANA,LA,REPUBLICAN,0.5427,DEMOCRAT,0.4406
1988,MAINE,ME,REPUBLICAN,0.5534,DEMOCRAT,0.4388
1988,MARYLAND,MD,REPUBLICAN,0.5111,DEMOCRAT,0.482
1988,MASSACHUSETTS,MA,DEMOCRAT,0.5323,REPUBLICAN,0.4538
1988,MICHIGAN,MI,REPUBLICAN,0.5357,DEMOCRAT,0.4567
1988,MINNESOTA,MN,DEMOCRAT,0.5291,REPUBLICAN,0.459
1988,MISSISSIPPI,MS,REPUBLICAN,0.5989,DEMOCRAT,0.3907
1988,MISSOURI,MO,REPUBLICAN,0.5183,DEMOCRAT,0.4785
1988,MONTANA,MT,REPUBLICAN,0.5207,DEMOCRAT,0.462
1988,NEBRASKA,NE,REPUBLICAN,0.6016,DEMOCRAT,0.3919
1988,NEVADA,NV,REPUBLICAN,0.6005,DEMOCRAT,0.3868
1988,NEW HAMPSHIRE,NH,REPUBLICAN,0.6249,DEMOCRAT,0.3633
1988,NEW JERSEY,NJ,REPUBLICAN,0.5624,DEMOCRAT,0.426
1988,NEW MEXICO,NM,REPUBLICAN,0.5185,DEMOCRAT,0.4689
1988,NEW YORK,NY,DEMOCRAT,0.5162,REPUBLICAN,0.4752
1988,NORTH CAROLINA,NC,REPUBLICAN,0.5797,DEMOCRAT,0.4171
1988,NORTH DAKOTA,ND,REPUBLICAN,0.5603,DEMOCRAT,0.4297
1988,OHIO,OH,REPUBLICAN,0.55,DEMOCRAT,0.4415
1988,OKLAHOMA,OK,REPUBLICAN,0.5793,DEMOCRAT,0.4128
1988,OREGON,OR,DEMOCRAT,0.5128,REPUBLICAN,0.4661
1988,PENNSYLVANIA,PA,REPUBLICAN,0.507,DEMOCRAT,0.4839
1988,RHODE ISLAND,RI,DEMOCRAT,0.5564,REPUBLICAN,0.4393
1988,SOUTH CAROLINA,SC,REPUBLICAN,0.615,DEMOCRAT,0.3758
1988,SOUTH DAKOTA,SD,REPUBLICAN,0.5285,DEMOCRAT,0.4651
1988,TENNESSEE,TN,REPUBLICAN,0.5789,DEMOCRAT,0.4155
1988,TEXAS,TX,REPUBLICAN,0.5595,DEMOCRAT,0.4335
1988,UTAH,UT,REPUBLICAN,0.6622,DEMOCRAT,0.3205
1988,VERMONT,VT,REPUBLICAN,0.511,DEMOCRAT,0.4758
1988,VIRGINIA,VA,REPUBLICAN,0.5974,DEMOCRAT,0.3923
1988,WASHINGTON,WA,DEMOCRAT,0.5005,REPUBLICAN,0.4846
1988,WEST VIRGINIA,WV,DEMOCRAT,0.522,REPUBLICAN,0.4746
1988,WISCONSIN,WI,DEMOCRAT,0.5141,REPUBLICAN,0.478
1988,WYOMING,WY,REPUBLICAN,0.6053,DEMOCRAT,0.3801
1992,ALABAMA,AL,REPUBLICAN,0.4765,DEMOCRAT,0.4088
1992,ALASKA,AK,REPUBLICAN,0.3946,DEMOCRAT,0.3029
1992,ARIZONA,AZ,REPUBLICAN,0.3847,DEMOCRAT,0.3652
1992,ARKANSAS,AR,DEMOCRAT,0.5321,REPUBLICAN,0.3548
1992,CALIFORNIA,CA,DEMOCRAT,0.4601,REPUBLICAN,0.3261
1992,COLORADO,CO,DEMOCRAT,0.4013,REPUBLICAN,0.3587
1992,CONNECTICUT,CT,DEMOCRAT,0.4222,REPUBLICAN,0.3578
1992,DELAWARE,DE,DEMOCRAT,0.4352,REPUBLICAN,0.3533
1992,DISTRICT OF COLUMBIA,DC,DEMOCRAT,0.8464,REPUBLICAN,0.091
1992,FLORIDA,FL,REPUBLICAN,0.409,DEMOCRAT,0.3899
1992,GEORGIA,GA,DEMOCRAT,0.4347,REPUBLICAN,0.4288
1992,HAWAII,HI,DEMOCRAT,0.4809,REPUBLICAN,0.367
1992,IDAHO,ID,REPUBLICAN,0.4203,DEMOCRAT,0.2842
1992,ILLINOIS,IL,DEMOCRAT,0.4858,REPUBLICAN,0.3434
1992,INDIANA,IN,REPUBLICAN,0.4291,DEMOCRAT,0.3679
1992,IOWA,IA,DEMOCRAT,0.4329,REPUBLICAN,0.3727
1992,KANSAS,KS,REPUBLICAN,0.3888,DEMOCRAT,0.3374
1992,KENTUCKY,KY,DEMOCRAT,0.4455,REPUBLICAN,0.4134
1992,LOUISIANA,LA,DEMOCRAT,0.4558,REPUBLICAN,0.4097
1992,MAINE,ME,DEMOCRAT,0.3877,OTHER,0.3044
1992,MARYLAND,MD,DEMOCRAT,0.4981,REPUBLICAN,0.3563
1992,MASSACHUSETTS,MA,DEMOCRAT,0.4754,REPUBLICAN,0.2902
1992,MICHIGAN,MI,DEMOCRAT,0.4377,REPUBLICAN,0.3638
1992,MINNESOTA,MN,DEMOCRAT,0.4348,REPUBLICAN,0.3185
1992,MISSISSIPPI,MS,REPUBLICAN,0.4968,DEMOCRAT,0.4077
1992,MISSOURI,MO,DEMOCRAT,0.4407,REPUBLICAN,0.3392
1992,MONTANA,MT,DEMOCRAT,0.3763,REPUBLICAN,0.3512
1992,NEBRASKA,NE,REPUBLICAN,0.466,DEMOCRAT,0.294
1992,NEVADA,NV,DEMOCRAT,0.3736,REPUBLICAN,0.3473
1992,NEW HAMPSHIRE,NH,DEMOCRAT,0.3891,REPUBLICAN,0.3769
1992,NEW JERSEY,NJ,DEMOCRAT,0.4295,REPUBLICAN,0.4058
1992,NEW MEXICO,NM,DEMOCRAT,0.459,REPUBLICAN,0.3734
1992,NEW YORK,NY,DEMOCRAT,0.4865,REPUBLICAN,0.3315
1992,NORTH CAROLINA,NC,REPUBLICAN,0.4344,DEMOCRAT,0.4265
1992,NORTH DAKOTA,ND,REPUBLICAN,0.4422,DEMOCRAT,0.3218
1992,OHIO,OH,DEMOCRAT,0.4018,REPUBLICAN,0.3835
1992,OKLAHOMA,OK,REPUBLICAN,0.4265,DEMOCRAT,0.3402
1992,OREGON,OR,DEMOCRAT,0.4248,REPUBLICAN,0.3253
1992,PENNSYLVANIA,PA,DEMOCRAT,0.4515,REPUBLICAN,0.3613
1992,RHODE ISLAND,RI,DEMOCRAT,0.4705,REPUBLICAN,0.2903
1992,SOUTH CAROLINA,SC,REPUBLICAN,0.4699,DEMOCRAT,0.4276
1992,SOUTH DAKOTA,SD,REPUBLICAN,0.4066,DEMOCRAT,0.3714
1992,TENNESSEE,TN,DEMOCRAT,0.4708,REPUBLICAN,0.4243
1992,TEXAS,TX,REPUBLICAN,0.4056,DEMOCRAT,0.3708
1992,UTAH,UT,REPUBLICAN,0.4336,OTHER,0.2734
1992,VERMONT,VT,DEMOCRAT,0.4611,REPUBLICAN,0.3042
1992,VIRGINIA,VA,REPUBLICAN,0.4496,DEMOCRAT,0.4059
1992,WASHINGTON,WA,DEMOCRAT,0.4341,REPUBLICAN,0.3197
1992,WEST VIRGINIA,WV,DEMOCRAT,0.4841,REPUBLICAN,0.3539
1992,WISCONSIN,WI,DEMOCRAT,0.4113,REPUBLICAN,0.3678
1992,WYOMING,WY,REPUBLICAN,0.397,DEMOCRAT,0.341
1996,ALABAMA,AL,REPUBLICAN,0.5012,DEMOCRAT,0.4316
1996,ALASKA,AK,REPUBLICAN,0.508,DEMOCRAT,0.3327
1996,ARIZONA,AZ,DEMOCRAT,0.4652,REPUBLICAN,0.4429
1996,ARKANSAS,AR,DEMOCRAT,0.5374,REPUBLICAN,0.368
1996,CALIFORNIA,CA,DEMOCRAT,0.511,REPUBLICAN,0.3821
1996,COLORADO,CO,REPUBLICAN,0.458,DEMOCRAT,0.4443
1996,CONNECTICUT,CT,DEMOCRAT,0.5283,REPUBLICAN,0.3469
1996,DELAWARE,DE,DEMOCRAT,0.5183,REPUBLICAN,0.3658
1996,DISTRICT OF COLUMBIA,DC,DEMOCRAT,0.8519,REPUBLICAN,0.0934
1996,FLORIDA,FL,DEMOCRAT,0.4803,REPUBLICAN,0.4232
1996,GEORGIA,GA,REPUBLICAN,0.4702,DEMOCRAT,0.4584
1996,HAWAII,HI,DEMOCRAT,0.5693,REPUBLICAN,0.3164
1996,IDAHO,ID,REPUBLICAN,0.5218,DEMOCRAT,0.3365
1996,ILLINOIS,IL,DEMOCRAT,0.5432,REPUBLICAN,0.3681
1996,INDIANA,IN,REPUBLICAN,0.4714,DEMOCRAT,0.4156
1996,IOWA,IA,DEMOCRAT,0.5026,REPUBLICAN,0.3992
1996,KANSAS,KS,REPUBLICAN,0.5429,DEMOCRAT,0.3608
1996,KENTUCKY,KY,DEMOCRAT,0.4584,REPUBLICAN,0.4488
1996,LOUISIANA,LA,DEMOCRAT,0.5201,REPUBLICAN,0.3994
1996,MAINE,ME,DEMOCRAT,0.5162,REPUBLICAN,0.3076
1996,MARYLAND,MD,DEMOCRAT,0.5425,REPUBLICAN,0.3827
1996,MASSACHUSETTS,MA,DEMOCRAT,0.6147,REPUBLICAN,0.2809
1996,MICHIGAN,MI,DEMOCRAT,0.5169,REPUBLICAN,0.3848
1996,MINNESOTA,MN,DEMOCRAT,0.511,REPUBLICAN,0.3496
1996,MISSISSIPPI,MS,REPUBLICAN,0.4921,DEMOCRAT,0.4408
1996,MISSOURI,MO,DEMOCRAT,0.4754,REPUBLICAN,0.4124
1996,MONTANA,MT,REPUBLICAN,0.4413,DEMOCRAT,0.4125
1996,NEBRASKA,NE,REPUBLICAN,0.5365,DEMOCRAT,0.3495
1996,NEVADA,NV,DEMOCRAT,0.4393,REPUBLICAN,0.4291
1996,NEW HAMPSHIRE,NH,DEMOCRAT,0.4957,REPUBLICAN,0.3957
1996,NEW JERSEY,NJ,DEMOCRAT,0.5372,REPUBLICAN,0.3586
1996,NEW MEXICO,NM,DEMOCRAT,0.4918,REPUBLICAN,0.4186
1996,NEW YORK,NY,DEMOCRAT,0.5833,REPUBLICAN,0.3003
1996,NORTH CAROLINA,NC,REPUBLICAN,0.4873,DEMOCRAT,0.4404
1996,NORTH DAKOTA,ND,REPUBLICAN,0.4694,DEMOCRAT,0.4013
1996,OHIO,OH,DEMOCRAT,0.4738,REPUBLICAN,0.4102
1996,OKLAHOMA,OK,REPUBLICAN,0.4826,DEMOCRAT,0.4045
1996,OREGON,OR,DEMOCRAT,0.4715,REPUBLICAN,0.3906
1996,PENNSYLVANIA,PA,DEMOCRAT,0.4923,REPUBLICAN,0.4001
1996,RHODE ISLAND,RI,DEMOCRAT,0.5972,REPUBLICAN,0.2682
1996,SOUTH CAROLINA,SC,REPUBLICAN,0.4985,DEMOCRAT,0.4401
1996,SOUTH DAKOTA,SD,REPUBLICAN,0.4649,DEMOCRAT,0.4303
1996,TENNESSEE,TN,DEMOCRAT,0.48,REPUBLICAN,0.4559
1996,TEXAS,TX,REPUBLICAN,0.4876,DEMOCRAT,0.4383
1996,UTAH,UT,REPUBLICAN,0.5437,DEMOCRAT,0.333
1996,VERMONT,VT,DEMOCRAT,0.5335,REPUBLICAN,0.3109
1996,VIRGINIA,VA,REPUBLICAN,0.471,DEMOCRAT,0.4515
1996,WASHINGTON,WA,DEMOCRAT,0.4984,REPUBLICAN,0.373
1996,WEST VIRGINIA,WV,DEMOCRAT,0.5151,REPUBLICAN,0.3676
1996,WISCONSIN,WI,DEMOCRAT,0.4881,REPUBLICAN,0.3848
1996,WYOMING,WY,REPUBLICAN,0.4981,DEMOCRAT,0.3684
2000,ALABAMA,AL,REPUBLICAN,0.5648,DEMOCRAT,0.4157
2000,ALASKA,AK,REPUBLICAN,0.5862,DEMOCRAT,0.2767
2000,ARIZONA,AZ,REPUBLICAN,0.5102,DEMOCRAT,0.4473
2000,ARKANSAS,AR,REPUBLICAN,0.5131,DEMOCRAT,0.4586
2000,CALIFORNIA,CA,DEMOCRAT,0.5345,REPUBLICAN,0.4165
2000,COLORADO,CO,REPUBLICAN,0.5075,DEMOCRAT,0.4239
2000,CONNECTICUT,CT,DEMOCRAT,0.5591,REPUBLICAN,0.3844
2000,DELAWARE,DE,DEMOCRAT,0.5498,REPUBLICAN,0.4192
2000,DISTRICT OF COLUMBIA,DC,DEMOCRAT,0.8516,REPUBLICAN,0.0895
2000,FLORIDA,FL,REPUBLICAN,0.4885,DEMOCRAT,0.4884
2000,GEORGIA,GA,REPUBLICAN,0.5496,DEMOCRAT,0.4321
2000,HAWAII,HI,DEMOCRAT,0.5579,REPUBLICAN,0.3746
2000,IDAHO,ID,REPUBLICAN,0.6717,DEMOCRAT,0.2764
2000,ILLINOIS,IL,DEMOCRAT,0.546,REPUBLICAN,0.4258
2000,INDIANA,IN,REPUBLICAN,0.5665,DEMOCRAT,0.4101
2000,IOWA,IA,DEMOCRAT,0.4719,REPUBLICAN,0.4689
2000,KANSAS,KS,REPUBLICAN,0.5804,DEMOCRAT,0.3724
2000,KENTUCKY,KY,REPUBLICAN,0.5651,DEMOCRAT,0.4138
2000,LOUISIANA,LA,REPUBLICAN,0.5255,DEMOCRAT,0.4488
2000,MAINE,ME,DEMOCRAT,0.4909,REPUBLICAN,0.4397
2000,MARYLAND,MD,DEMOCRAT,0.5649,REPUBLICAN,0.4018
2000,MASSACHUSETTS,MA,DEMOCRAT,0.5913,REPUBLICAN,0.3213
2000,MICHIGAN,MI,DEMOCRAT,0.5128,REPUBLICAN,0.4615
2000,MINNESOTA,MN,DEMOCRAT,0.4791,REPUBLICAN,0.455
2000,MISSISSIPPI,MS,REPUBLICAN,0.5762,DEMOCRAT,0.407
2000,MISSOURI,MO,REPUBLICAN,0.5042,DEMOCRAT,0.4708
2000,MONTANA,MT,REPUBLICAN,0.5844,DEMOCRAT,0.3337
2000,NEBRASKA,NE,REPUBLICAN,0.6225,DEMOCRAT,0.3325
2000,NEVADA,NV,REPUBLICAN,0.4952,DEMOCRAT,0.4598
2000,NEW HAMPSHIRE,NH,REPUBLICAN,0.4807,DEMOCRAT,0.468
2000,NEW JERSEY,NJ,DEMOCRAT,0.5613,REPUBLICAN,0.4029
2000,NEW MEXICO,NM,DEMOCRAT,0.4791,REPUBLICAN,0.4785
2000,NEW YORK,NY,DEMOCRAT,0.5902,REPUBLICAN,0.3453
2000,NORTH CAROLINA,NC,REPUBLICAN,0.5596,DEMOCRAT,0.4315
2000,NORTH DAKOTA,ND,REPUBLICAN,0.6066,DEMOCRAT,0.3306
2000,OHIO,OH,REPUBLICAN,0.4999,DEMOCRAT,0.4644
2000,OKLAHOMA,OK,REPUBLICAN,0.6031,DEMOCRAT,0.3843
2000,OREGON,OR,DEMOCRAT,0.4696,REPUBLICAN,0.4652
2000,PENNSYLVANIA,PA,DEMOCRAT,0.5061,REPUBLICAN,0.4644
2000,RHODE ISLAND,RI,DEMOCRAT,0.6099,REPUBLICAN,0.3191
2000,SOUTH CAROLINA,SC,REPUBLICAN,0.5686,DEMOCRAT,0.409
2000,SOUTH DAKOTA,SD,REPUBLICAN,0.603,DEMOCRAT,0.3756
2000,TENNESSEE,TN,REPUBLICAN,0.5115,DEMOCRAT,0.4728
2000,TEXAS,TX,REPUBLICAN,0.593,DEMOCRAT,0.3798
2000,UTAH,UT,REPUBLICAN,0.6683,DEMOCRAT,0.2634
2000,VERMONT,VT,DEMOCRAT,0.5063,REPUBLICAN,0.407
2000,VIRGINIA,VA,REPUBLICAN,0.5247,DEMOCRAT,0.4444
2000,WASHINGTON,WA,DEMOCRAT,0.5016,REPUBLICAN,0.4458
2000,WEST VIRGINIA,WV,REPUBLICAN,0.5192,DEMOCRAT,0.4559
2000,WISCONSIN,WI,DEMOCRAT,0.4783,REPUBLICAN,0.4761
2000,WYOMING,WY,REPUBLICAN,0.6922,DEMOCRAT,0.283
2004,ALABAMA,AL,REPUBLICAN,0.6246,DEMOCRAT,0.3684
2004,ALASKA,AK,REPUBLICAN,0.6107,DEMOCRAT,0.3552
2004,ARIZONA,AZ,REPUBLICAN,0.5487,DEMOCRAT,0.444
2004,ARKANSAS,AR,REPUBLICAN,0.5431,DEMOCRAT,0.4455
2004,CALIFORNIA,CA,DEMOCRAT,0.5431,REPUBLICAN,0.4436
2004,COLORADO,CO,REPUBLICAN,0.5171,DEMOCRAT,0.4704
2004,CONNECTICUT,CT,DEMOCRAT,0.5431,REPUBLICAN,0.4395
2004,DELAWARE,DE,DEMOCRAT,0.5335,REPUBLICAN,0.4575
2004,DISTRICT OF COLUMBIA,DC,DEMOCRAT,0.8918,REPUBLICAN,0.0934
2004,FLORIDA,FL,REPUBLICAN,0.521,DEMOCRAT,0.4709
2004,GEORGIA,GA,REPUBLICAN,0.5797,DEMOCRAT,0.4137
2004,HAWAII,HI,DEMOCRAT,0.5401,REPUBLICAN,0.4526
2004,IDAHO,ID,REPUBLICAN,0.6839,DEMOCRAT,0.3026
2004,ILLINOIS,IL,DEMOCRAT,0.5482,REPUBLICAN,0.4448
2004,INDIANA,IN,REPUBLICAN,0.5994,DEMOCRAT,0.3926
2004,IOWA,IA,REPUBLICAN,0.499,DEMOCRAT,0.4923
2004,KANSAS,KS,REPUBLICAN,0.62,DEMOCRAT,0.3662
2004,KENTUCKY,KY,REPUBLICAN,0.5955,DEMOCRAT,0.3969
2004,LOUISIANA,LA,REPUBLICAN,0.5672,DEMOCRAT,0.4222
2004,MAINE,ME,DEMOCRAT,0.5357,REPUBLICAN,0.4458
2004,MARYLAND,MD,DEMOCRAT,0.5597,REPUBLICAN,0.4298
2004,MASSACHUSETTS,MA,DEMOCRAT,0.6162,REPUBLICAN,0.3659
2004,MICHIGAN,MI,DEMOCRAT,0.5123,REPUBLICAN,0.4781
2004,MINNESOTA,MN,DEMOCRAT,0.5109,REPUBLICAN,0.4761
2004,MISSISSIPPI,MS,REPUBLICAN,0.5901,DEMOCRAT,0.4016
2004,MISSOURI,MO,REPUBLICAN,0.533,DEMOCRAT,0.461
2004,MONTANA,MT,REPUBLICAN,0.5907,DEMOCRAT,0.3857
2004,NEBRASKA,NE,REPUBLICAN,0.659,DEMOCRAT,0.3268
2004,NEVADA,NV,REPUBLICAN,0.5047,DEMOCRAT,0.4788
2004,NEW HAMPSHIRE,NH,DEMOCRAT,0.502,REPUBLICAN,0.4883
2004,NEW JERSEY,NJ,DEMOCRAT,0.5292,REPUBLICAN,0.4624
2004,NEW MEXICO,NM,REPUBLICAN,0.4984,DEMOCRAT,0.4905
2004,NEW YORK,NY,DEMOCRAT,0.5792,REPUBLICAN,0.3978
2004,NORTH CAROLINA,NC,REPUBLICAN,0.5602,DEMOCRAT,0.4358
2004,NORTH DAKOTA,ND,REPUBLICAN,0.6286,DEMOCRAT,0.355
2004,OHIO,OH,REPUBLICAN,0.5081,DEMOCRAT,0.4871
2004,OKLAHOMA,OK,REPUBLICAN,0.6557,DEMOCRAT,0.3443
2004,OREGON,OR,DEMOCRAT,0.5135,REPUBLICAN,0.4719
2004,PENNSYLVANIA,PA,DEMOCRAT,0.5092,REPUBLICAN,0.4842
2004,RHODE ISLAND,RI,DEMOCRAT,0.5942,REPUBLICAN,0.3867
2004,SOUTH CAROLINA,SC,REPUBLICAN,0.5798,DEMOCRAT,0.409
2004,SOUTH DAKOTA,SD,REPUBLICAN,0.5991,DEMOCRAT,0.3844
2004,TENNESSEE,TN,REPUBLICAN,0.568,DEMOCRAT,0.4253
2004,TEXAS,TX,REPUBLICAN,0.6109,DEMOCRAT,0.3822
2004,UTAH,UT,REPUBLICAN,0.7154,DEMOCRAT,0.26
2004,VERMONT,VT,DEMOCRAT,0.5894,REPUBLICAN,0.388
2004,VIRGINIA,VA,REPUBLICAN,0.5373,DEMOCRAT,0.4553
2004,WASHINGTON,WA,DEMOCRAT,0.5282,REPUBLICAN,0.4564
2004,WEST VIRGINIA,WV,REPUBLICAN,0.5607,DEMOCRAT,0.4321
2004,WISCONSIN,WI,DEMOCRAT,0.497,REPUBLICAN,0.4932
2004,WYOMING,WY,REPUBLICAN,0.6874,DEMOCRAT,0.2902
2008,ALABAMA,AL,REPUBLICAN,0.6032,DEMOCRAT,0.3874
2008,ALASKA,AK,REPUBLICAN,0.5942,DEMOCRAT,0.3789
2008,ARIZONA,AZ,REPUBLICAN,0.5364,DEMOCRAT,0.4512
2008,ARKANSAS,AR,REPUBLICAN,0.5872,DEMOCRAT,0.3886
2008,CALIFORNIA,CA,DEMOCRAT,0.6101,REPUBLICAN,0.3695
2008,COLORADO,CO,DEMOCRAT,0.5366,REPUBLICAN,0.4471
2008,CONNECTICUT,CT,DEMOCRAT,0.6059,REPUBLICAN,0.3822
2008,DELAWARE,DE,DEMOCRAT,0.6194,REPUBLICAN,0.3695
2008,DISTRICT OF COLUMBIA,DC,DEMOCRAT,0.9246,REPUBLICAN,0.0653
2008,FLORIDA,FL,DEMOCRAT,0.5103,REPUBLICAN,0.4822
2008,GEORGIA,GA,REPUBLICAN,0.522,DEMOCRAT,0.4699
2008,HAWAII,HI,DEMOCRAT,0.7185,REPUBLICAN,0.2658
2008,IDAHO,ID,REPUBLICAN,0.6152,DEMOCRAT,0.3609
2008,ILLINOIS,IL,DEMOCRAT,0.6192,REPUBLICAN,0.3678
2008,INDIANA,IN,DEMOCRAT,0.4995,REPUBLICAN,0.4891
2008,IOWA,IA,DEMOCRAT,0.5393,REPUBLICAN,0.4439
2008,KANSAS,KS,REPUBLICAN,0.5661,DEMOCRAT,0.4165
2008,KENTUCKY,KY,REPUBLICAN,0.574,DEMOCRAT,0.4117
2008,LOUISIANA,LA,REPUBLICAN,0.5856,DEMOCRAT,0.3993
2008,MAINE,ME,DEMOCRAT,0.5771,REPUBLICAN,0.4038
2008,MARYLAND,MD,DEMOCRAT,0.6192,REPUBLICAN,0.3647
2008,MASSACHUSETTS,MA,DEMOCRAT,0.6136,REPUBLICAN,0.3573
2008,MICHIGAN,MI,DEMOCRAT,0.5743,REPUBLICAN,0.4096
2008,MINNESOTA,MN,DEMOCRAT,0.5406,REPUBLICAN,0.4382
2008,MISSISSIPPI,MS,REPUBLICAN,0.5618,DEMOCRAT,0.43
2008,MISSOURI,MO,REPUBLICAN,0.4943,DEMOCRAT,0.4929
2008,MONTANA,MT,REPUBLICAN,0.4953,DEMOCRAT,0.4727
2008,NEBRASKA,NE,REPUBLICAN,0.5653,DEMOCRAT,0.416
2008,NEVADA,NV,DEMOCRAT,0.5515,REPUBLICAN,0.4265
2008,NEW HAMPSHIRE,NH,DEMOCRAT,0.5413,REPUBLICAN,0.4452
2008,NEW JERSEY,NJ,DEMOCRAT,0.5727,REPUBLICAN,0.417
2008,NEW MEXICO,NM,DEMOCRAT,0.5691,REPUBLICAN,0.4178
2008,NEW YORK,NY,DEMOCRAT,0.6222,REPUBLICAN,0.3565
2008,NORTH CAROLINA,NC,DEMOCRAT,0.497,REPUBLICAN,0.4937
2008,NORTH DAKOTA,ND,REPUBLICAN,0.5325,DEMOCRAT,0.4462
2008,OHIO,OH,DEMOCRAT,0.515,REPUBLICAN,0.4691
2008,OKLAHOMA,OK,REPUBLICAN,0.6565,DEMOCRAT,0.3435
2008,OREGON,OR,DEMOCRAT,0.5675,REPUBLICAN,0.404
2008,PENNSYLVANIA,PA,DEMOCRAT,0.5449,REPUBLICAN,0.4417
2008,RHODE ISLAND,RI,DEMOCRAT,0.6286,REPUBLICAN,0.3506
2008,SOUTH CAROLINA,SC,REPUBLICAN,0.5387,DEMOCRAT,0.449
2008,SOUTH DAKOTA,SD,REPUBLICAN,0.5316,DEMOCRAT,0.4475
2008,TENNESSEE,TN,REPUBLICAN,0.569,DEMOCRAT,0.4183
2008,TEXAS,TX,REPUBLICAN,0.5545,DEMOCRAT,0.4368
2008,UTAH,UT,REPUBLICAN,0.6258,DEMOCRAT,0.3441
2008,VERMONT,VT,DEMOCRAT,0.6746,REPUBLICAN,0.3045
2008,VIRGINIA,VA,DEMOCRAT,0.5263,REPUBLICAN,0.4633
2008,WASHINGTON,WA,DEMOCRAT,0.5765,REPUBLICAN,0.4048
2008,WEST VIRGINIA,WV,REPUBLICAN,0.5571,DEMOCRAT,0.4259
2008,WISCONSIN,WI,DEMOCRAT,0.5622,REPUBLICAN,0.4231
2008,WYOMING,WY,REPUBLICAN,0.6478,DEMOCRAT,0.3254
2012,ALABAMA,AL,REPUBLICAN,0.6055,DEMOCRAT,0.3836
2012,ALASKA,AK,REPUBLICAN,0.548,DEMOCRAT,0.4081
2012,ARIZONA,AZ,REPUBLICAN,0.5365,DEMOCRAT,0.4459
2012,ARKANSAS,AR,REPUBLICAN,0.6057,DEMOCRAT,0.3688
2012,CALIFORNIA,CA,DEMOCRAT,0.6024,REPUBLICAN,0.3712
2012,COLORADO,CO,DEMOCRAT,0.5149,REPUBLICAN,0.4613
2012,CONNECTICUT,CT,DEMOCRAT,0.5809,REPUBLICAN,0.4075
2012,DELAWARE,DE,DEMOCRAT,0.5861,REPUBLICAN,0.3998
2012,DISTRICT OF COLUMBIA,DC,DEMOCRAT,0.9091,REPUBLICAN,0.0728
2012,FLORIDA,FL,DEMOCRAT,0.5001,REPUBLICAN,0.4913
2012,GEORGIA,GA,REPUBLICAN,0.5333,DEMOCRAT,0.4551
2012,HAWAII,HI,DEMOCRAT,0.7055,REPUBLICAN,0.2784
2012,IDAHO,ID,REPUBLICAN,0.6453,DEMOCRAT,0.3262
2012,ILLINOIS,IL,DEMOCRAT,0.576,REPUBLICAN,0.4073
2012,INDIANA,IN,REPUBLICAN,0.5413,DEMOCRAT,0.4393
2012,IOWA,IA,DEMOCRAT,0.5199,REPUBLICAN,0.4618
2012,KANSAS,KS,REPUBLICAN,0.5971,DEMOCRAT,0.3799
2012,KENTUCKY,KY,REPUBLICAN,0.6049,DEMOCRAT,0.378
2012,LOUISIANA,LA,REPUBLICAN,0.5778,DEMOCRAT,0.4058
2012,MAINE,ME,DEMOCRAT,0.5627,REPUBLICAN,0.4098
2012,MARYLAND,MD,DEMOCRAT,0.6197,REPUBLICAN,0.359
2012,MASSACHUSETTS,MA,DEMOCRAT,0.6034,REPUBLICAN,0.3732
2012,MICHIGAN,MI,DEMOCRAT,0.5421,REPUBLICAN,0.4471
2012,MINNESOTA,MN,DEMOCRAT,0.5265,REPUBLICAN,0.4496
2012,MISSISSIPPI,MS,REPUBLICAN,0.5529,DEMOCRAT,0.4379
2012,MISSOURI,MO,REPUBLICAN,0.5376,DEMOCRAT,0.4438
2012,MONTANA,MT,REPUBLICAN,0.5535,DEMOCRAT,0.417
2012,NEBRASKA,NE,REPUBLICAN,0.598,DEMOCRAT,0.3803
2012,NEVADA,NV,DEMOCRAT,0.5236,REPUBLICAN,0.4568
2012,NEW HAMPSHIRE,NH,DEMOCRAT,0.5198,REPUBLICAN,0.464
2012,NEW JERSEY,NJ,DEMOCRAT,0.5834,REPUBLICAN,0.4062
2012,NEW MEXICO,NM,DEMOCRAT,0.5299,REPUBLICAN,0.4284
2012,NEW YORK,NY,DEMOCRAT,0.6284,REPUBLICAN,0.3492
2012,NORTH CAROLINA,NC,REPUBLICAN,0.5039,DEMOCRAT,0.4835
2012,NORTH DAKOTA,ND,REPUBLICAN,0.5832,DEMOCRAT,0.387
2012,OHIO,OH,DEMOCRAT,0.5067,REPUBLICAN,0.4769
2012,OKLAHOMA,OK,REPUBLICAN,0.6677,DEMOCRAT,0.3323
2012,OREGON,OR,DEMOCRAT,0.5424,REPUBLICAN,0.4215
2012,PENNSYLVANIA,PA,DEMOCRAT,0.5208,REPUBLICAN,0.4668
2012,RHODE ISLAND,RI,DEMOCRAT,0.627,REPUBLICAN,0.3524
2012,SOUTH CAROLINA,SC,REPUBLICAN,0.5456,DEMOCRAT,0.4409
2012,SOUTH DAKOTA,SD,REPUBLICAN,0.5789,DEMOCRAT,0.3987
2012,TENNESSEE,TN,REPUBLICAN,0.5948,DEMOCRAT,0.3908
2012,TEXAS,TX,REPUBLICAN,0.5717,DEMOCRAT,0.4138
2012,UTAH,UT,REPUBLICAN,0.7279,DEMOCRAT,0.2475
2012,VERMONT,VT,DEMOCRAT,0.6657,REPUBLICAN,0.3097
2012,VIRGINIA,VA,DEMOCRAT,0.5116,REPUBLICAN,0.4728
2012,WASHINGTON,WA,DEMOCRAT,0.5616,REPUBLICAN,0.4129
2012,WEST VIRGINIA,WV,REPUBLICAN,0.623,DEMOCRAT,0.3554
2012,WISCONSIN,WI,DEMOCRAT,0.5278,REPUBLICAN,0.4594
2012,WYOMING,WY,REPUBLICAN,0.6864,DEMOCRAT,0.2782
2016,ALABAMA,AL,REPUBLICAN,0.6208,DEMOCRAT,0.3436
2016,ALASKA,AK,REPUBLICAN,0.5128,DEMOCRAT,0.3655
2016,ARIZONA,AZ,REPUBLICAN,0.4867,DEMOCRAT,0.4513
2016,ARKANSAS,AR,REPUBLICAN,0.6057,DEMOCRAT,0.3365
2016,CALIFORNIA,CA,DEMOCRAT,0.6173,REPUBLICAN,0.3162
2016,COLORADO,CO,DEMOCRAT,0.4816,REPUBLICAN,0.4325
2016,CONNECTICUT,CT,DEMOCRAT,0.5457,REPUBLICAN,0.4093
2016,DELAWARE,DE,DEMOCRAT,0.5335,REPUBLICAN,0.4192
2016,DISTRICT OF COLUMBIA,DC,DEMOCRAT,0.9086,REPUBLICAN,0.0409
2016,FLORIDA,FL,REPUBLICAN,0.4902,DEMOCRAT,0.4782
2016,GEORGIA,GA,REPUBLICAN,0.5077,DEMOCRAT,0.4564
2016,HAWAII,HI,DEMOCRAT,0.6222,REPUBLICAN,0.3004
2016,IDAHO,ID,REPUBLICAN,0.5926,DEMOCRAT,0.2749
2016,ILLINOIS,IL,DEMOCRAT,0.5583,REPUBLICAN,0.3876
2016,INDIANA,IN,REPUBLICAN,0.5694,DEMOCRAT,0.3777
2016,IOWA,IA,REPUBLICAN,0.5116,DEMOCRAT,0.4175
2016,KANSAS,KS,REPUBLICAN,0.5665,DEMOCRAT,0.3605
2016,KENTUCKY,KY,REPUBLICAN,0.6252,DEMOCRAT,0.3268
2016,LOUISIANA,LA,REPUBLICAN,0.5809,DEMOCRAT,0.3845
2016,MAINE,ME,DEMOCRAT,0.4783,REPUBLICAN,0.4487
2016,MARYLAND,MD,DEMOCRAT,0.6033,REPUBLICAN,0.3391
2016,MASSACHUSETTS,MA,DEMOCRAT,0.6001,REPUBLICAN,0.3281
2016,MICHIGAN,MI,REPUBLICAN,0.475,DEMOCRAT,0.4727
2016,MINNESOTA,MN,DEMOCRAT,0.4645,REPUBLICAN,0.4493
2016,MISSISSIPPI,MS,REPUBLICAN,0.5794,DEMOCRAT,0.4011
2016,MISSOURI,MO,REPUBLICAN,0.5677,DEMOCRAT,0.3814
2016,MONTANA,MT,REPUBLICAN,0.5647,DEMOCRAT,0.3594
2016,NEBRASKA,NE,REPUBLICAN,0.5875,DEMOCRAT,0.337
2016,NEVADA,NV,DEMOCRAT,0.4792,REPUBLICAN,0.455
2016,NEW HAMPSHIRE,NH,DEMOCRAT,0.4683,REPUBLICAN,0.4646
2016,NEW JERSEY,NJ,DEMOCRAT,0.5545,REPUBLICAN,0.4135
2016,NEW MEXICO,NM,DEMOCRAT,0.4826,REPUBLICAN,0.4004
2016,NEW YORK,NY,DEMOCRAT,0.5901,REPUBLICAN,0.3652
2016,NORTH CAROLINA,NC,REPUBLICAN,0.4983,DEMOCRAT,0.4617
2016,NORTH DAKOTA,ND,REPUBLICAN,0.6296,DEMOCRAT,0.2723
2016,OHIO,OH,REPUBLICAN,0.5169,DEMOCRAT,0.4356
2016,OKLAHOMA,OK,REPUBLICAN,0.6532,DEMOCRAT,0.2893
2016,OREGON,OR,DEMOCRAT,0.5007,REPUBLICAN,0.3909
2016,PENNSYLVANIA,PA,REPUBLICAN,0.4858,DEMOCRAT,0.4785
2016,RHODE ISLAND,RI,DEMOCRAT,0.5441,REPUBLICAN,0.389
2016,SOUTH CAROLINA,SC,REPUBLICAN,0.5494,DEMOCRAT,0.4067
2016,SOUTH DAKOTA,SD,REPUBLICAN,0.6153,DEMOCRAT,0.3174
2016,TENNESSEE,TN,REPUBLICAN,0.6072,DEMOCRAT,0.3472
2016,TEXAS,TX,REPUBLICAN,0.5223,DEMOCRAT,0.4324
2016,UTAH,UT,REPUBLICAN,0.4554,DEMOCRAT,0.2746
2016,VERMONT,VT,DEMOCRAT,0.5668,REPUBLICAN,0.3027
2016,VIRGINIA,VA,DEMOCRAT,0.4975,REPUBLICAN,0.4443
2016,WASHINGTON,WA,DEMOCRAT,0.5254,REPUBLICAN,0.3683
2016,WEST VIRGINIA,WV,REPUBLICAN,0.6863,DEMOCRAT,0.2648
2016,WISCONSIN,WI,REPUBLICAN,0.4722,DEMOCRAT,0.4645
2016,WYOMING,WY,REPUBLICAN,0.6817,DEMOCRAT,0.2188
2020,ALABAMA,AL,REPUBLICAN,0.6203,DEMOCRAT,0.3657
2020,ALASKA,AK,REPUBLICAN,0.5283,DEMOCRAT,0.4277
2020,ARIZONA,AZ,DEMOCRAT,0.4936,REPUBLICAN,0.4906
2020,ARKANSAS,AR,REPUBLICAN,0.624,DEMOCRAT,0.3478
2020,CALIFORNIA,CA,DEMOCRAT,0.6348,REPUBLICAN,0.3432
2020,COLORADO,CO,DEMOCRAT,0.5501,REPUBLICAN,0.416
2020,CONNECTICUT,CT,DEMOCRAT,0.5926,REPUBLICAN,0.3919
2020,DELAWARE,DE,DEMOCRAT,0.5874,REPUBLICAN,0.3977
2020,DISTRICT OF COLUMBIA,DC,DEMOCRAT,0.9215,REPUBLICAN,0.054
2020,FLORIDA,FL,REPUBLICAN,0.5122,DEMOCRAT,0.4786
2020,GEORGIA,GA,DEMOCRAT,0.4947,REPUBLICAN,0.4924
2020,HAWAII,HI,DEMOCRAT,0.6319,REPUBLICAN,0.3398
2020,IDAHO,ID,REPUBLICAN,0.6384,DEMOCRAT,0.3307
2020,ILLINOIS,IL,DEMOCRAT,0.5754,REPUBLICAN,0.4055
2020,INDIANA,IN,REPUBLICAN,0.5702,DEMOCRAT,0.4096
2020,IOWA,IA,REPUBLICAN,0.5309,DEMOCRAT,0.4489
2020,KANSAS,KS,REPUBLICAN,0.5621,DEMOCRAT,0.4156
2020,KENTUCKY,KY,REPUBLICAN,0.6209,DEMOCRAT,0.3615
2020,LOUISIANA,LA,REPUBLICAN,0.5846,DEMOCRAT,0.3985
2020,MAINE,ME,DEMOCRAT,0.5253,REPUBLICAN,0.4355
2020,MARYLAND,MD,DEMOCRAT,0.6536,REPUBLICAN,0.3215
2020,MASSACHUSETTS,MA,DEMOCRAT,0.6512,REPUBLICAN,0.3191
2020,MICHIGAN,MI,DEMOCRAT,0.5062,REPUBLICAN,0.4784
2020,MINNESOTA,MN,DEMOCRAT,0.524,REPUBLICAN,0.4528
2020,MISSISSIPPI,MS,REPUBLICAN,0.576,DEMOCRAT,0.4106
2020,MISSOURI,MO,REPUBLICAN,0.568,DEMOCRAT,0.4141
2020,MONTANA,MT,REPUBLICAN,0.5692,DEMOCRAT,0.4055
2020,NEBRASKA,NE,REPUBLICAN,0.5822,DEMOCRAT,0.3917
2020,NEVADA,NV,DEMOCRAT,0.5006,REPUBLICAN,0.4767
2020,NEW HAMPSHIRE,NH,DEMOCRAT,0.5271,REPUBLICAN,0.4536
2020,NEW JERSEY,NJ,DEMOCRAT,0.5733,REPUBLICAN,0.414
2020,NEW MEXICO,NM,DEMOCRAT,0.5429,REPUBLICAN,0.435
2020,NEW YORK,NY,DEMOCRAT,0.6056,REPUBLICAN,0.3756
2020,NORTH CAROLINA,NC,REPUBLICAN,0.4993,DEMOCRAT,0.4859
2020,NORTH DAKOTA,ND,REPUBLICAN,0.6511,DEMOCRAT,0.3176
2020,OHIO,OH,REPUBLICAN,0.5327,DEMOCRAT,0.4524
2020,OKLAHOMA,OK,REPUBLICAN,0.6537,DEMOCRAT,0.3229
2020,OREGON,OR,DEMOCRAT,0.5645,REPUBLICAN,0.4037
2020,PENNSYLVANIA,PA,DEMOCRAT,0.5001,REPUBLICAN,0.4884
2020,RHODE ISLAND,RI,DEMOCRAT,0.5948,REPUBLICAN,0.3867
2020,SOUTH CAROLINA,SC,REPUBLICAN,0.5509,DEMOCRAT,0.4342
2020,SOUTH DAKOTA,SD,REPUBLICAN,0.6177,DEMOCRAT,0.3561
2020,TENNESSEE,TN,REPUBLICAN,0.6066,DEMOCRAT,0.3745
2020,TEXAS,TX,REPUBLICAN,0.5206,DEMOCRAT,0.4648
2020,UTAH,UT,REPUBLICAN,0.5813,DEMOCRAT,0.3765
2020,VERMONT,VT,DEMOCRAT,0.655,REPUBLICAN,0.304
2020,VIRGINIA,VA,DEMOCRAT,0.5411,REPUBLICAN,0.44
2020,WASHINGTON,WA,DEMOCRAT,0.5797,REPUBLICAN,0.3877
2020,WEST VIRGINIA,WV,REPUBLICAN,0.6863,DEMOCRAT,0.297
2020,WISCONSIN,WI,DEMOCRAT,0.4945,REPUBLICAN,0.4882
2020,WYOMING,WY,REPUBLICAN,0.6994,DEMOCRAT,0.2655
2024,ALABAMA,AL,REPUBLICAN,0.6458,DEMOCRAT,0.341
2024,ALASKA,AK,REPUBLICAN,0.5454,DEMOCRAT,0.4141
2024,ARIZONA,AZ,REPUBLICAN,0.5205,DEMOCRAT,0.4654
2024,ARKANSAS,AR,REPUBLICAN,0.642,DEMOCRAT,0.3356
2024,CALIFORNIA,CA,DEMOCRAT,0.5848,REPUBLICAN,0.3834
2024,COLORADO,CO,DEMOCRAT,0.5416,REPUBLICAN,0.4317
2024,CONNECTICUT,CT,DEMOCRAT,0.564,REPUBLICAN,0.4189
2024,DELAWARE,DE,DEMOCRAT,0.5663,REPUBLICAN,0.4189
2024,DISTRICT OF COLUMBIA,DC,DEMOCRAT,0.9027,REPUBLICAN,0.0647
2024,FLORIDA,FL,REPUBLICAN,0.5609,DEMOCRAT,0.4299
2024,GEORGIA,GA,REPUBLICAN,0.5073,DEMOCRAT,0.4853
2024,HAWAII,HI,DEMOCRAT,0.6059,REPUBLICAN,0.3748
2024,IDAHO,ID,REPUBLICAN,0.6687,DEMOCRAT,0.3038
2024,ILLINOIS,IL,DEMOCRAT,0.5437,REPUBLICAN,0.4347
2024,INDIANA,IN,REPUBLICAN,0.5858,DEMOCRAT,0.3962
2024,IOWA,IA,REPUBLICAN,0.5573,DEMOCRAT,0.4252
2024,KANSAS,KS,REPUBLICAN,0.5716,DEMOCRAT,0.4104
2024,KENTUCKY,KY,REPUBLICAN,0.6447,DEMOCRAT,0.3394
2024,LOUISIANA,LA,REPUBLICAN,0.6022,DEMOCRAT,0.3821
2024,MAINE,ME,DEMOCRAT,0.5217,REPUBLICAN,0.4571
2024,MARYLAND,MD,DEMOCRAT,0.6262,REPUBLICAN,0.3408
2024,MASSACHUSETTS,MA,DEMOCRAT,0.6122,REPUBLICAN,0.3602
2024,MICHIGAN,MI,REPUBLICAN,0.4973,DEMOCRAT,0.4831
2024,MINNESOTA,MN,DEMOCRAT,0.5092,REPUBLICAN,0.4668
2024,MISSISSIPPI,MS,REPUBLICAN,0.6089,DEMOCRAT,0.38
2024,MISSOURI,MO,REPUBLICAN,0.5849,DEMOCRAT,0.4008
2024,MONTANA,MT,REPUBLICAN,0.5839,DEMOCRAT,0.3846
2024,NEBRASKA,NE,REPUBLICAN,0.5963,DEMOCRAT,0.3906
2024,NEVADA,NV,REPUBLICAN,0.5059,DEMOCRAT,0.4749
2024,NEW HAMPSHIRE,NH,DEMOCRAT,0.5065,REPUBLICAN,0.4787
2024,NEW JERSEY,NJ,DEMOCRAT,0.5197,REPUBLICAN,0.4606
2024,NEW MEXICO,NM,DEMOCRAT,0.5199,REPUBLICAN,0.4597
2024,NEW YORK,NY,DEMOCRAT,0.5591,REPUBLICAN,0.4331
2024,NORTH CAROLINA,NC,REPUBLICAN,0.5086,DEMOCRAT,0.4765
2024,NORTH DAKOTA,ND,REPUBLICAN,0.6696,DEMOCRAT,0.3051
2024,OHIO,OH,REPUBLICAN,0.5514,DEMOCRAT,0.4393
2024,OKLAHOMA,OK,REPUBLICAN,0.6616,DEMOCRAT,0.319
2024,OREGON,OR,DEMOCRAT,0.5527,REPUBLICAN,0.4097
2024,PENNSYLVANIA,PA,REPUBLICAN,0.5037,DEMOCRAT,0.4866
2024,RHODE ISLAND,RI,DEMOCRAT,0.5544,REPUBLICAN,0.4187
2024,SOUTH CAROLINA,SC,REPUBLICAN,0.5823,DEMOCRAT,0.4036
2024,SOUTH DAKOTA,SD,REPUBLICAN,0.6343,DEMOCRAT,0.3424
2024,TENNESSEE,TN,REPUBLICAN,0.6419,DEMOCRAT,0.3447
2024,TEXAS,TX,REPUBLICAN,0.5614,DEMOCRAT,0.4246
2024,UTAH,UT,REPUBLICAN,0.5938,DEMOCRAT,0.3779
2024,VERMONT,VT,DEMOCRAT,0.6356,REPUBLICAN,0.3256
2024,VIRGINIA,VA,DEMOCRAT,0.521,REPUBLICAN,0.4629
2024,WASHINGTON,WA,DEMOCRAT,0.5723,REPUBLICAN,0.3901
2024,WEST VIRGINIA,WV,REPUBLICAN,0.6998,DEMOCRAT,0.2811
2024,WISCONSIN,WI,REPUBLICAN,0.496,DEMOCRAT,0.4874
2024,WYOMING,WY,REPUBLICAN,0.716,DEMOCRAT,0.2584
